{
    "rmse": 0.7459069483619117,
    "mae": 0.5563771756145797,
    "r2": 0.28779205665076
}