{
    "rmse": 0.7447404094706129,
    "mae": 0.5546382774984562,
    "r2": 0.25332828405029306
}