{
    "rmse": 0.7426013125884366,
    "mae": 0.551456709458069,
    "r2": 0.26689910748116186
}